Nuklid,e_inh,e_ing,LE,LA,CA
,[Sv/Bq],[Sv/Bq],[Bq/kg],[Bq],{Bq/m^3]
,,,,,
H-3,4.10E-011,4.20E-011,2.00E+005,1.00E+008,2.00E+005
"H-3,HTO",1.80E-011,1.80E-011,6.00E+005,3.00E+008,5.00E+005
"H-3,Gas",1.80E-015,0.00E+000,0.00E+000,3.00E+012,5.00E+009
Be-7,4.60E-011,2.80E-011,4.00E+005,1.00E+008,1.00E+005
Be-10,1.90E-008,1.10E-009,9.00E+003,3.00E+005,9.00E+001
C-11,3.20E-012,2.40E-011,4.00E+005,7.00E+007,7.00E+004
"C-11,Monoxyd",1.20E-012,1.20E-012,0.00E+000,7.00E+007,7.00E+004
"C-11,Dioxyd",2.20E-012,2.20E-012,0.00E+000,7.00E+007,7.00E+004
C-14,5.80E-010,5.80E-010,2.00E+004,9.00E+006,1.00E+004
"C-14,Monoxyd",8.00E-013,8.00E-013,0.00E+000,6.00E+009,1.00E+007
"C-14,Dioxyd",6.50E-012,6.50E-012,0.00E+000,8.00E+008,1.00E+006
N-13,0.00E+000,0.00E+000,0.00E+000,7.00E+007,7.00E+004
O-15,0.00E+000,0.00E+000,0.00E+000,7.00E+007,7.00E+004
F-18,9.30E-011,4.90E-011,2.00E+005,5.00E+007,7.00E+004
Na-22,2.00E-009,3.20E-009,3.00E+003,3.00E+006,4.00E+003
Na-24,5.30E-010,4.30E-010,2.00E+004,9.00E+006,3.00E+004
Mg-28/Al-28,1.70E-009,2.20E-009,5.00E+003,3.00E+006,6.00E+003
,,,,,
,,,,,
Al-26,1.40E-008,3.50E-009,3.00E+003,4.00E+005,4.00E+002
Si-31,1.10E-010,1.60E-010,6.00E+004,5.00E+007,1.00E+005
Si-32,5.50E-008,5.60E-010,2.00E+004,9.00E+004,3.00E+001
P-32,2.90E-009,2.40E-009,4.00E+003,2.00E+006,2.00E+003
P-33,1.30E-009,2.40E-010,4.00E+004,4.00E+006,1.00E+004
S-35_anorg,1.10E-009,1.90E-010,5.00E+004,5.00E+006,1.00E+004
S-35_org,1.20E-010,7.70E-010,1.00E+004,4.00E+007,7.00E+004
Cl-36,5.10E-009,9.30E-010,1.00E+004,1.00E+006,1.00E+003
Cl-38,7.30E-011,1.20E-010,8.00E+004,7.00E+007,4.00E+004
Cl-39,7.60E-011,8.50E-011,1.00E+005,7.00E+007,2.00E+005
Ar-37,0.00E+000,0.00E+000,0.00E+000,1.00E+014,1.00E+011
Ar-39,0.00E+000,0.00E+000,0.00E+000,3.00E+010,7.00E+006
Ar-41,0.00E+000,0.00E+000,0.00E+000,5.00E+007,5.00E+004
K-40,3.00E-009,6.20E-009,2.00E+003,2.00E+006,3.00E+003
K-42,2.00E-010,4.30E-010,2.00E+004,3.00E+007,2.00E+004
K-43,2.60E-010,2.50E-010,4.00E+004,2.00E+007,4.00E+004
K-44,3.70E-011,8.40E-011,1.00E+005,1.00E+008,3.00E+005
K-45,2.80E-011,5.40E-011,2.00E+005,2.00E+008,5.00E+005
Ca-41,1.90E-010,2.90E-010,3.00E+004,3.00E+007,3.00E+004
Ca-45,2.30E-009,7.60E-010,1.00E+004,2.00E+006,5.00E+003
Ca-47,2.10E-009,1.60E-009,6.00E+003,2.00E+006,4.00E+003
Sc-43,1.80E-010,1.90E-010,5.00E+004,3.00E+007,1.00E+005
Sc-44,3.00E-010,3.50E-010,3.00E+004,2.00E+007,7.00E+004
Sc-44m,2.00E-009,2.40E-009,4.00E+003,3.00E+006,4.00E+003
,,,,,
,,,,,
Sc-46,4.80E-009,1.50E-009,7.00E+003,1.00E+006,1.00E+003
Sc-47,7.30E-010,5.40E-010,2.00E+004,7.00E+006,1.00E+004
Sc-48,1.60E-009,1.70E-009,6.00E+003,3.00E+006,7.00E+003
Sc-49,6.10E-011,8.20E-011,1.00E+005,8.00E+007,3.00E+005
Ti-44,7.20E-008,5.80E-009,2.00E+003,7.00E+004,3.00E+002
Ti-45,1.50E-010,1.50E-010,7.00E+004,3.00E+007,2.00E+005
V-47,5.00E-011,6.30E-011,2.00E+005,1.00E+008,4.00E+005
V-48,2.70E-009,2.00E-009,5.00E+003,2.00E+006,3.00E+003
V-49,2.60E-011,1.80E-011,6.00E+005,2.00E+008,9.00E+004
Cr-48,2.50E-010,2.00E-010,5.00E+004,2.00E+007,3.00E+004
Cr-49,5.90E-011,6.10E-011,2.00E+005,8.00E+007,1.00E+005
Cr-51,3.60E-011,3.80E-011,3.00E+005,1.00E+008,2.00E+005
Mn-51,6.80E-011,9.30E-011,1.00E+005,7.00E+007,1.00E+005
Mn-52,1.80E-009,1.80E-009,6.00E+003,3.00E+006,5.00E+003
Mn-52m,5.00E-011,6.90E-011,1.00E+005,1.00E+008,2.00E+005
Mn-53,3.60E-011,3.00E-011,3.00E+005,1.00E+008,2.00E+005
Mn-54,1.20E-009,7.10E-010,1.00E+004,4.00E+006,7.00E+003
Mn-56,2.00E-010,2.50E-010,4.00E+004,3.00E+007,4.00E+004
Fe-52,9.50E-010,1.40E-009,7.00E+003,5.00E+006,9.00E+003
Fe-55,9.20E-010,3.30E-010,3.00E+004,5.00E+006,9.00E+003
Fe-59,3.20E-009,1.80E-009,6.00E+003,2.00E+006,3.00E+003
Fe-60,3.30E-007,1.10E-007,9.00E+001,2.00E+004,3.00E+001
Co-55,8.30E-010,1.10E-009,9.00E+003,6.00E+006,1.00E+004
Co-56,4.90E-009,2.50E-009,4.00E+003,1.00E+006,2.00E+003
Co-57,6.00E-010,2.10E-010,5.00E+004,8.00E+006,1.00E+004
Co-58,1.70E-009,7.40E-010,1.00E+004,3.00E+006,5.00E+003
Co-58m,1.70E-011,2.40E-011,4.00E+005,3.00E+008,5.00E+005
,,,,,
,,,,,
Co-60,1.70E-008,3.40E-009,1.00E+003,9.00E+004,5.00E+002
Co-60m,1.20E-012,1.70E-012,6.00E+006,4.00E+009,7.00E+006
Co-61,7.50E-011,7.40E-011,1.00E+005,7.00E+007,1.00E+005
Co-62m,3.70E-011,4.70E-011,2.00E+005,1.00E+008,2.00E+005
Ni-56,9.60E-010,8.60E-010,1.00E+004,5.00E+006,9.00E+003
Ni-57,7.60E-010,8.70E-010,1.00E+004,7.00E+006,1.00E+004
Ni-59,2.20E-010,6.30E-011,2.00E+005,2.00E+007,4.00E+004
Ni-63,5.20E-010,1.50E-010,7.00E+004,1.00E+007,2.00E+004
Ni-65,1.30E-010,1.80E-010,6.00E+004,4.00E+007,6.00E+004
Ni-66/Cu-66,1.90E-009,3.00E-009,3.00E+003,3.00E+006,4.00E+003
Cu-60,6.20E-011,7.00E-011,1.00E+005,8.00E+007,1.00E+005
Cu-61,1.20E-010,1.20E-010,8.00E+004,4.00E+007,7.00E+004
Cu-64,1.50E-010,1.20E-010,8.00E+004,3.00E+007,6.00E+004
Cu-67,5.80E-010,3.40E-010,3.00E+004,9.00E+006,1.00E+004
Zn-62/Cu-62,6.60E-010,9.40E-010,1.00E+004,8.00E+006,1.00E+004
Zn-63,6.10E-011,7.90E-011,1.00E+005,8.00E+007,1.00E+005
Zn-65,2.80E-009,3.90E-009,3.00E+003,2.00E+006,3.00E+003
Zn-69,4.30E-011,3.10E-011,3.00E+005,1.00E+008,2.00E+005
Zn-69m,3.30E-010,3.30E-010,3.00E+004,2.00E+007,3.00E+004
Zn-71m,2.40E-010,2.40E-010,4.00E+004,2.00E+007,3.00E+004
Zn-72,1.50E-009,1.40E-009,7.00E+003,3.00E+006,6.00E+003
Ga-65,2.90E-011,3.70E-011,3.00E+005,2.00E+008,3.00E+005
Ga-66,7.10E-010,1.20E-009,8.00E+003,7.00E+006,1.00E+004
Ga-67,2.80E-010,1.90E-010,5.00E+004,2.00E+007,3.00E+004
Ga-68,8.10E-011,1.00E-010,1.00E+005,6.00E+007,1.00E+005
,,,,,
,,,,,
Ga-70,2.60E-011,3.10E-011,3.00E+005,2.00E+008,3.00E+005
Ga-72,8.40E-010,1.10E-009,9.00E+003,6.00E+006,1.00E+004
Ga-73,2.00E-010,2.60E-010,4.00E+004,3.00E+007,4.00E+004
Ge-66,1.30E-010,1.00E-010,1.00E+005,4.00E+007,6.00E+004
Ge-67,4.20E-011,6.50E-011,2.00E+005,1.00E+008,2.00E+005
Ge-68,7.90E-009,1.30E-009,8.00E+003,6.00E+005,1.00E+003
Ge-69,3.70E-010,2.40E-010,4.00E+004,1.00E+007,2.00E+004
Ge-71,1.10E-011,1.20E-011,8.00E+005,5.00E+008,8.00E+005
Ge-75,5.40E-011,4.60E-011,2.00E+005,9.00E+007,2.00E+005
Ge-77,4.50E-010,3.30E-010,3.00E+004,1.00E+007,2.00E+004
Ge-78,1.40E-010,1.20E-010,8.00E+004,4.00E+007,6.00E+004
As-69,3.50E-011,5.70E-011,2.00E+005,1.00E+008,2.00E+005
As-70,1.20E-010,1.30E-010,8.00E+004,4.00E+007,7.00E+004
As-71,5.00E-010,4.60E-010,2.00E+004,1.00E+007,2.00E+004
As-72,1.30E-009,1.80E-009,6.00E+003,4.00E+006,6.00E+003
As-73,6.50E-010,2.60E-010,4.00E+004,8.00E+006,1.00E+004
As-74,1.80E-009,1.30E-009,8.00E+003,3.00E+006,5.00E+003
As-76,9.20E-010,1.60E-009,6.00E+003,5.00E+006,9.00E+003
As-77,4.20E-010,4.00E-010,3.00E+004,1.00E+007,2.00E+004
As-78,1.40E-010,2.10E-010,5.00E+004,4.00E+007,6.00E+004
Se-70,1.20E-010,1.40E-010,7.00E+004,4.00E+007,7.00E+004
Se-73,2.40E-010,3.90E-010,3.00E+004,2.00E+007,3.00E+004
Se-73m,2.70E-011,4.10E-011,2.00E+005,2.00E+008,3.00E+005
Se-75,1.70E-009,2.60E-009,4.00E+003,3.00E+006,5.00E+003
Se-79,3.10E-009,2.90E-009,3.00E+003,2.00E+006,3.00E+003
Se-81,2.40E-011,2.70E-011,4.00E+005,2.00E+008,3.00E+005
Se-81m,6.80E-011,5.90E-011,2.00E+005,7.00E+007,1.00E+005
Se-83,5.30E-011,5.10E-011,2.00E+005,9.00E+007,2.00E+005
,,,,,
,,,,,
Br-74,6.80E-011,8.40E-011,1.00E+005,7.00E+007,1.00E+005
Br-74m,1.10E-010,1.40E-010,7.00E+004,5.00E+007,8.00E+004
Br-75,8.50E-011,7.90E-011,1.00E+005,6.00E+007,1.00E+005
Br-76,5.80E-010,4.60E-010,2.00E+004,9.00E+006,1.00E+004
Br-77,1.30E-010,9.60E-011,1.00E+005,4.00E+007,6.00E+004
Br-80,1.70E-011,3.10E-011,3.00E+005,3.00E+008,5.00E+005
Br-80m,1.00E-010,1.10E-010,9.00E+004,5.00E+007,8.00E+004
Br-82,8.80E-010,5.40E-010,2.00E+004,6.00E+006,9.00E+003
Br-83,6.70E-011,4.30E-011,2.00E+005,7.00E+007,1.00E+005
Br-84,6.20E-011,8.80E-011,1.00E+005,8.00E+007,1.00E+005
Kr-79,0.00E+000,0.00E+000,0.00E+000,3.00E+008,3.00E+005
Kr-81,0.00E+000,0.00E+000,0.00E+000,7.00E+009,7.00E+006
Kr-83m,0.00E+000,0.00E+000,0.00E+000,1.00E+012,1.00E+009
Kr-85,0.00E+000,0.00E+000,0.00E+000,5.00E+007,5.00E+006
Kr-85m,0.00E+000,0.00E+000,0.00E+000,5.00E+008,5.00E+005
Kr-87,0.00E+000,0.00E+000,0.00E+000,8.00E+007,8.00E+004
Kr-88,0.00E+000,0.00E+000,0.00E+000,2.00E+007,2.00E+004
Kr-89,0.00E+000,0.00E+000,0.00E+000,3.00E+007,3.00E+004
Rb-79,3.00E-011,5.00E-011,2.00E+005,2.00E+008,3.00E+005
Rb-81,6.80E-011,5.40E-011,2.00E+005,7.00E+007,1.00E+005
Rb-81m,1.30E-011,9.70E-012,1.00E+006,4.00E+008,6.00E+005
Rb-82m,2.20E-010,1.30E-010,8.00E+004,2.00E+007,4.00E+004
Rb-83,1.00E-009,1.90E-009,5.00E+003,5.00E+006,8.00E+003
Rb-84,1.50E-009,2.80E-009,4.00E+003,3.00E+006,6.00E+003
Rb-86,1.30E-009,2.80E-009,4.00E+003,4.00E+006,6.00E+003
Rb-87,7.60E-010,1.50E-009,7.00E+003,7.00E+006,1.00E+004
Rb-88,2.80E-011,9.00E-011,1.00E+005,2.00E+008,3.00E+005
Rb-89,2.50E-011,4.70E-011,2.00E+005,2.00E+008,3.00E+005
,,,,,
,,,,,
Sr-80/Rb-80,2.10E-010,3.50E-010,3.00E+004,2.00E+007,4.00E+004
Sr-81,6.10E-011,7.80E-011,1.00E+005,8.00E+007,1.00E+005
Sr-82/Rb-82,7.70E-009,6.10E-009,2.00E+003,6.00E+005,1.00E+003
Sr-83,4.90E-010,5.80E-010,2.00E+004,1.00E+007,2.00E+004
Sr-85,6.40E-010,5.60E-010,2.00E+004,8.00E+006,1.00E+004
Sr-85m,7.40E-012,6.10E-012,2.00E+006,7.00E+008,1.00E+006
Sr-87m,3.50E-011,3.30E-011,3.00E+005,1.00E+008,2.00E+005
Sr-89,5.60E-009,2.60E-009,4.00E+003,9.00E+005,1.00E+003
Sr-90,7.70E-008,2.80E-008,4.00E+002,6.00E+004,1.00E+002
Sr-91,5.70E-010,7.60E-010,1.00E+004,9.00E+006,1.00E+004
Sr-92,3.40E-010,4.90E-010,2.00E+004,1.00E+007,2.00E+004
Y-86,8.10E-010,9.60E-010,1.00E+004,6.00E+006,1.00E+004
Y-86m,4.90E-011,5.60E-011,2.00E+005,1.00E+008,2.00E+005
Y-87,5.30E-010,5.50E-010,2.00E+004,9.00E+006,2.00E+004
Y-88,3.30E-009,1.30E-009,8.00E+003,2.00E+006,3.00E+003
Y-90,1.70E-009,2.70E-009,4.00E+003,3.00E+006,5.00E+003
Y-90m,1.30E-010,1.70E-010,6.00E+004,4.00E+007,6.00E+004
Y-91,6.10E-009,2.40E-009,4.00E+003,8.00E+005,1.00E+003
Y-91m,1.50E-011,1.10E-011,9.00E+005,3.00E+008,6.00E+005
Y-92,2.80E-010,4.90E-010,2.00E+004,2.00E+007,3.00E+004
Y-93,6.00E-010,1.20E-009,8.00E+003,8.00E+006,1.00E+004
Y-94,4.60E-011,8.10E-011,1.00E+005,1.00E+008,2.00E+005
Y-95,2.60E-011,4.60E-011,2.00E+005,2.00E+008,3.00E+005
Zr-86,7.00E-010,8.60E-010,1.00E+004,7.00E+006,1.00E+004
Zr-88,4.10E-009,3.30E-010,3.00E+004,1.00E+006,2.00E+003
Zr-89,7.50E-010,7.90E-010,1.00E+004,7.00E+006,1.00E+004
Zr-93,2.90E-008,2.80E-010,4.00E+004,2.00E+005,3.00E+002
Zr-95,4.20E-009,8.80E-010,1.00E+004,1.00E+006,2.00E+003
,,,,,
,,,,,
Zr-97,1.40E-009,2.10E-009,5.00E+003,4.00E+006,6.00E+003
Nb-88,5.00E-011,6.30E-011,2.00E+005,1.00E+008,2.00E+005
Nb-89,1.90E-010,3.00E-010,3.00E+004,3.00E+007,4.00E+004
Nb-90,1.10E-009,1.20E-009,8.00E+003,5.00E+006,8.00E+003
Nb-91,4.10E-009,6.40E-011,2.00E+005,1.00E+006,2.00E+003
Nb-91m,2.30E-009,6.30E-010,2.00E+004,2.00E+006,4.00E+003
Nb-92m,5.90E-010,6.00E-010,2.00E+004,8.00E+006,1.00E+004
Nb-93m,8.60E-010,1.20E-010,8.00E+004,6.00E+006,1.00E+004
Nb-94,2.50E-008,1.70E-009,6.00E+003,2.00E+005,3.00E+002
Nb-95,1.30E-009,5.80E-010,2.00E+004,4.00E+006,6.00E+003
Nb-95m,8.50E-010,5.60E-010,2.00E+004,6.00E+006,1.00E+004
Nb-96,9.70E-010,1.10E-009,9.00E+003,5.00E+006,9.00E+003
Nb-97,7.20E-011,6.80E-011,1.00E+005,7.00E+007,1.00E+005
Nb-98,9.90E-011,1.10E-010,9.00E+004,5.00E+007,8.00E+004
Mo-90,5.60E-010,6.20E-010,2.00E+004,9.00E+006,1.00E+004
Mo-93,1.40E-009,2.60E-009,4.00E+003,4.00E+006,6.00E+003
Mo-93m,3.00E-010,2.80E-010,4.00E+004,2.00E+007,3.00E+004
Mo-99,1.10E-009,1.20E-009,8.00E+003,5.00E+006,8.00E+003
Mo-101,4.50E-011,4.20E-011,2.00E+005,1.00E+008,2.00E+005
Tc-93,6.50E-011,4.90E-011,2.00E+005,8.00E+007,1.00E+005
Tc-93m,3.10E-011,2.40E-011,4.00E+005,2.00E+008,3.00E+005
Tc-94,2.20E-010,1.80E-010,6.00E+004,2.00E+007,4.00E+004
Tc-94m,8.00E-011,1.10E-010,9.00E+004,6.00E+007,1.00E+005
Tc-95,1.80E-010,1.60E-010,6.00E+004,3.00E+007,5.00E+004
Tc-95m,8.60E-010,6.20E-010,2.00E+004,6.00E+006,1.00E+004
Tc-96,1.00E-009,1.10E-009,9.00E+003,5.00E+006,8.00E+003
Tc-96m,1.10E-011,1.30E-011,8.00E+005,5.00E+008,8.00E+005
,,,,,
,,,,,
Tc-97,1.60E-010,8.30E-011,1.00E+005,3.00E+007,5.00E+004
Tc-97m,2.70E-009,6.60E-010,2.00E+004,2.00E+006,3.00E+003
Tc-98,6.10E-009,2.30E-009,4.00E+003,8.00E+005,1.00E+003
Tc-99,3.20E-009,7.80E-010,1.00E+004,2.00E+006,3.00E+003
Tc-99m,2.90E-011,2.20E-011,5.00E+005,2.00E+008,3.00E+005
Tc-101,2.10E-011,1.90E-011,5.00E+005,2.00E+008,4.00E+005
Tc-104,4.80E-011,8.10E-011,1.00E+005,1.00E+008,2.00E+005
Ru-94,7.40E-011,9.40E-011,1.00E+005,7.00E+007,1.00E+005
Ru-97,1.60E-010,1.50E-010,7.00E+004,3.00E+007,5.00E+004
Ru-103,2.20E-009,7.30E-010,1.00E+004,2.00E+006,4.00E+003
Ru-105,2.50E-010,2.60E-010,4.00E+004,2.00E+007,3.00E+004
Ru-106/Rh-106,3.50E-008,7.00E-009,1.00E+003,1.00E+005,2.00E+002
Rh-99,8.90E-010,5.10E-010,2.00E+004,6.00E+006,9.00E+003
Rh-99m,7.30E-011,6.60E-011,2.00E+005,7.00E+007,1.00E+005
Rh-100,6.30E-010,7.10E-010,1.00E+004,8.00E+006,1.00E+004
Rh-101,3.10E-009,5.50E-010,2.00E+004,2.00E+006,3.00E+003
Rh-101m,2.70E-010,2.20E-010,5.00E+004,2.00E+007,3.00E+004
Rh-102,9.00E-009,2.60E-009,4.00E+003,6.00E+005,9.00E+002
Rh-102m,4.20E-009,1.20E-009,8.00E+003,1.00E+006,2.00E+003
Rh-103m,2.50E-012,3.80E-012,3.00E+006,2.00E+009,3.00E+006
Rh-105,4.40E-010,3.70E-010,3.00E+004,1.00E+007,2.00E+004
Rh-106m,1.90E-010,1.60E-010,6.00E+004,3.00E+007,4.00E+004
Rh-107,2.80E-011,2.40E-011,4.00E+005,2.00E+008,3.00E+005
Pd-100,9.70E-010,9.40E-010,1.00E+004,5.00E+006,9.00E+003
Pd-101,1.00E-010,9.40E-011,1.00E+005,5.00E+007,8.00E+004
Pd-103,3.00E-010,1.90E-010,5.00E+004,2.00E+007,3.00E+004
Pd-107,2.90E-010,3.70E-011,3.00E+005,2.00E+007,3.00E+004
Pd-109,5.00E-010,5.50E-010,2.00E+004,1.00E+007,2.00E+004
,,,,,
,,,,,
Ag-102,3.20E-011,4.00E-011,3.00E+005,2.00E+008,3.00E+005
Ag-103,4.50E-011,4.30E-011,2.00E+005,1.00E+008,2.00E+005
Ag-104,7.10E-011,6.00E-011,2.00E+005,7.00E+007,1.00E+005
Ag-104m,4.50E-011,5.40E-011,2.00E+005,1.00E+008,2.00E+005
Ag-105,8.00E-010,4.70E-010,2.00E+004,6.00E+006,1.00E+004
Ag-106,2.70E-011,3.20E-011,3.00E+005,2.00E+008,3.00E+005
Ag-106m,1.60E-009,1.50E-009,7.00E+003,3.00E+006,5.00E+003
Ag-108m/Ag-108,1.90E-008,2.30E-009,4.00E+003,3.00E+005,4.00E+002
Ag-110m/Ag-110,7.30E-009,2.80E-009,4.00E+003,7.00E+005,1.00E+003
Ag-111,1.60E-009,1.30E-009,8.00E+003,3.00E+006,5.00E+003
Ag-112,2.60E-010,4.30E-010,2.00E+004,2.00E+007,3.00E+004
Ag-115,4.40E-011,6.00E-011,2.00E+005,1.00E+008,2.00E+005
Cd-104,6.30E-011,5.80E-011,2.00E+005,8.00E+007,1.00E+005
Cd-107,1.10E-010,6.20E-011,2.00E+005,5.00E+007,8.00E+004
Cd-109,9.60E-009,2.00E-009,5.00E+003,5.00E+005,9.00E+002
Cd-113,1.40E-007,2.50E-008,4.00E+002,4.00E+004,6.00E+001
Cd-113m,1.30E-007,2.30E-008,4.00E+002,4.00E+004,6.00E+001
Cd-115,1.30E-009,1.40E-009,7.00E+003,4.00E+006,6.00E+003
Cd-115m,6.40E-009,3.30E-009,3.00E+003,8.00E+005,1.00E+003
Cd-117,2.50E-010,2.80E-010,4.00E+004,2.00E+007,3.00E+004
Cd-117m,3.20E-010,2.80E-010,4.00E+004,2.00E+007,3.00E+004
In-109,7.30E-011,6.60E-011,2.00E+005,7.00E+007,1.00E+005
In-110,2.50E-010,2.40E-010,4.00E+004,2.00E+007,3.00E+004
In-111,3.10E-010,2.90E-010,3.00E+004,2.00E+007,3.00E+004
In-112,1.30E-011,1.00E-011,1.00E+006,4.00E+008,6.00E+005
In-113m,3.20E-011,2.80E-011,4.00E+005,2.00E+008,3.00E+005
In-114m/In-114,1.10E-008,4.10E-009,2.00E+003,5.00E+005,8.00E+002
,,,,,
,,,,,
In-115,4.50E-007,3.20E-008,3.00E+002,1.00E+004,2.00E+001
In-115m,8.70E-011,8.60E-011,1.00E+005,6.00E+007,1.00E+005
In-116m,8.00E-011,6.40E-011,2.00E+005,6.00E+007,1.00E+005
In-117,4.80E-011,3.10E-011,3.00E+005,1.00E+008,2.00E+005
In-117m,1.10E-010,1.20E-010,8.00E+004,5.00E+007,8.00E+004
In-119m/In-119,2.90E-011,4.70E-011,2.00E+005,2.00E+008,3.00E+005
Sn-110,2.60E-010,3.50E-010,3.00E+004,2.00E+007,3.00E+004
Sn-111,2.20E-011,2.30E-011,4.00E+005,2.00E+008,4.00E+005
Sn-113,1.90E-009,7.30E-010,1.00E+004,3.00E+006,4.00E+003
Sn-117m,2.20E-009,7.10E-010,1.00E+004,2.00E+006,4.00E+003
Sn-119m,1.50E-009,3.40E-010,3.00E+004,3.00E+006,6.00E+003
Sn-121,2.80E-010,2.30E-010,4.00E+004,2.00E+007,3.00E+004
Sn-121m,3.30E-009,3.80E-010,3.00E+004,2.00E+006,3.00E+003
Sn-123,5.60E-009,2.10E-009,5.00E+003,9.00E+005,1.00E+003
Sn-123m,4.40E-011,3.80E-011,3.00E+005,1.00E+008,2.00E+005
Sn-125,2.80E-009,3.10E-009,3.00E+003,2.00E+006,3.00E+003
Sn-126,1.80E-008,4.70E-009,2.00E+003,3.00E+005,5.00E+002
Sn-127,2.00E-010,2.00E-010,5.00E+004,3.00E+007,4.00E+004
Sn-128,1.50E-010,1.50E-010,7.00E+004,3.00E+007,6.00E+004
Sb-115,2.30E-011,2.40E-011,4.00E+005,2.00E+008,4.00E+005
Sb-116,2.30E-011,2.60E-011,4.00E+005,2.00E+008,4.00E+005
Sb-116m,8.50E-011,6.70E-011,1.00E+005,6.00E+007,1.00E+005
Sb-117,2.70E-011,1.80E-011,6.00E+005,2.00E+008,3.00E+005
Sb-118m,2.30E-010,2.10E-010,5.00E+004,2.00E+007,4.00E+004
Sb-119,5.90E-011,8.10E-011,1.00E+005,8.00E+007,1.00E+005
Sb-120,1.30E-009,1.20E-009,8.00E+003,4.00E+006,6.00E+003
Sb-122,1.20E-009,1.70E-009,6.00E+003,4.00E+006,7.00E+003
,,,,,
,,,,,
Sb-124,4.70E-009,2.50E-009,4.00E+003,1.00E+006,2.00E+003
Sb-124m,8.30E-012,8.00E-012,1.00E+006,6.00E+008,1.00E+006
Sb-125,3.30E-009,1.10E-009,9.00E+003,2.00E+006,3.00E+003
Sb-126,3.20E-009,2.40E-009,4.00E+003,2.00E+006,3.00E+003
Sb-126m,3.30E-011,3.60E-011,3.00E+005,2.00E+008,3.00E+005
Sb-127,1.70E-009,1.70E-009,6.00E+003,3.00E+006,5.00E+003
Sb-128,6.70E-010,7.60E-010,1.00E+004,7.00E+006,1.00E+004
Sb-129,3.50E-010,4.20E-010,2.00E+004,1.00E+007,2.00E+004
Sb-130,9.10E-011,9.10E-011,1.00E+005,5.00E+007,9.00E+004
Sb-131,8.30E-011,1.00E-010,1.00E+005,6.00E+007,1.00E+005
Te-116,1.70E-010,1.70E-010,6.00E+004,3.00E+007,5.00E+004
Te-119m,6.30E-010,8.30E-010,1.00E+004,8.00E+006,1.00E+004
Te-121,4.40E-010,4.30E-010,2.00E+004,1.00E+007,2.00E+004
Te-121m,3.60E-009,2.30E-009,4.00E+003,1.00E+006,2.00E+003
Te-123,5.00E-009,4.40E-009,2.00E+003,1.00E+006,2.00E+003
Te-123m,3.40E-009,1.40E-009,7.00E+003,1.00E+006,2.00E+003
Te-125m,2.90E-009,8.70E-010,1.00E+004,2.00E+006,3.00E+003
Te-127,1.80E-010,1.70E-010,6.00E+004,3.00E+007,5.00E+004
Te-127m,6.20E-009,2.30E-009,4.00E+003,8.00E+005,1.00E+003
Te-129,5.70E-011,6.30E-011,2.00E+005,9.00E+007,1.00E+005
Te-129m,5.40E-009,3.00E-009,3.00E+003,9.00E+005,2.00E+003
Te-131,6.10E-011,8.70E-011,1.00E+005,8.00E+007,1.00E+005
Te-131m,1.60E-009,1.90E-009,5.00E+003,3.00E+006,5.00E+003
Te-132,3.00E-009,3.70E-009,3.00E+003,2.00E+006,3.00E+003
Te-133,4.40E-011,7.20E-011,1.00E+005,1.00E+008,2.00E+005
Te-133m,1.90E-010,2.80E-010,4.00E+004,3.00E+007,4.00E+004
Te-134,1.10E-010,1.10E-010,9.00E+004,5.00E+007,8.00E+004
,,,,,
,,,,,
I-120,1.90E-010,3.40E-010,3.00E+004,3.00E+007,4.00E+004
I-120m,1.40E-010,2.10E-010,5.00E+004,4.00E+007,6.00E+004
I-121,3.90E-011,8.20E-011,1.00E+005,1.00E+008,2.00E+005
I-123,1.10E-010,2.10E-010,5.00E+004,5.00E+007,8.00E+004
I-124,6.30E-009,1.30E-008,8.00E+002,8.00E+005,1.00E+003
I-125,7.30E-009,1.50E-008,7.00E+002,7.00E+005,1.00E+003
I-126,1.40E-008,2.90E-008,3.00E+002,4.00E+005,6.00E+002
I-128,2.20E-011,4.60E-011,2.00E+005,2.00E+008,4.00E+005
I-129,5.10E-008,1.10E-007,9.00E+001,1.00E+005,2.00E+002
I-130,9.60E-010,2.00E-009,5.00E+003,5.00E+006,9.00E+003
I-131,1.10E-008,2.20E-008,5.00E+002,5.00E+005,8.00E+002
I-132,2.00E-010,2.90E-010,3.00E+004,3.00E+007,4.00E+004
I-132m,1.10E-010,2.20E-010,5.00E+004,5.00E+007,8.00E+004
I-133,2.10E-009,4.30E-009,2.00E+003,2.00E+006,4.00E+003
I-134,7.90E-011,1.10E-010,9.00E+004,6.00E+007,1.00E+005
I-135,4.60E-010,9.30E-010,1.00E+004,1.00E+007,2.00E+004
Xe-122/I-122,0.00E+000,0.00E+000,0.00E+000,7.00E+007,7.00E+004
Xe-123,0.00E+000,0.00E+000,0.00E+000,1.00E+008,1.00E+005
Xe-125,0.00E+000,0.00E+000,0.00E+000,3.00E+008,3.00E+005
Xe-127,0.00E+000,0.00E+000,0.00E+000,3.00E+008,3.00E+005
Xe-129m,0.00E+000,0.00E+000,0.00E+000,4.00E+009,4.00E+006
Xe-131m,0.00E+000,0.00E+000,0.00E+000,9.00E+009,9.00E+006
Xe-133,0.00E+000,0.00E+000,0.00E+000,2.00E+009,2.00E+006
Xe-133m,0.00E+000,0.00E+000,0.00E+000,2.00E+009,2.00E+006
Xe-135,0.00E+000,0.00E+000,0.00E+000,3.00E+008,3.00E+005
Xe-135m,0.00E+000,0.00E+000,0.00E+000,2.00E+008,2.00E+005
Xe-137,0.00E+000,0.00E+000,0.00E+000,3.00E+008,3.00E+005
Xe-138,0.00E+000,0.00E+000,0.00E+000,6.00E+007,6.00E+004
,,,,,
,,,,,
Cs-125,2.30E-011,3.50E-011,3.00E+005,2.00E+008,4.00E+005
Cs-127,4.00E-011,2.40E-011,4.00E+005,1.00E+008,2.00E+005
Cs-129,8.10E-011,6.00E-011,2.00E+005,6.00E+007,1.00E+005
Cs-130,1.50E-011,2.80E-011,4.00E+005,3.00E+008,6.00E+005
Cs-131,4.50E-011,5.80E-011,2.00E+005,1.00E+008,2.00E+005
Cs-132,3.80E-010,5.00E-010,2.00E+004,1.00E+007,2.00E+004
Cs-134,9.60E-009,1.90E-008,5.00E+002,5.00E+005,9.00E+002
Cs-134m,2.60E-011,2.00E-011,5.00E+005,2.00E+008,3.00E+005
Cs-135,9.90E-010,2.00E-009,5.00E+003,5.00E+006,8.00E+003
Cs-135m,2.40E-011,1.90E-011,5.00E+005,2.00E+008,3.00E+005
Cs-136,1.90E-009,3.00E-009,3.00E+003,3.00E+006,4.00E+003
Cs-137/Ba-137m,6.70E-009,1.30E-008,8.00E+002,7.00E+005,1.00E+003
Cs-138,4.60E-011,9.20E-011,1.00E+005,1.00E+008,2.00E+005
Ba-126/Cs-126,1.20E-010,2.60E-010,4.00E+004,4.00E+007,7.00E+004
Ba-128/Cs-128,1.30E-009,2.70E-009,4.00E+003,4.00E+006,6.00E+003
Ba-131,3.50E-010,4.50E-010,2.00E+004,1.00E+007,2.00E+004
Ba-131m,6.40E-012,4.90E-012,2.00E+006,8.00E+008,1.00E+006
Ba-133,1.80E-009,1.00E-009,1.00E+004,3.00E+006,5.00E+003
Ba-133m,2.80E-010,5.50E-010,2.00E+004,2.00E+007,3.00E+004
Ba-135m,2.30E-010,4.50E-010,2.00E+004,2.00E+007,4.00E+004
Ba-139,5.50E-011,1.20E-010,8.00E+004,9.00E+007,2.00E+005
Ba-140,1.60E-009,2.50E-009,4.00E+003,3.00E+006,5.00E+003
Ba-141,3.50E-011,7.00E-011,1.00E+005,1.00E+008,2.00E+005
Ba-142,2.70E-011,3.50E-011,3.00E+005,2.00E+008,3.00E+005
La-131,3.60E-011,3.50E-011,3.00E+005,1.00E+008,2.00E+005
La-132,2.80E-010,3.90E-010,3.00E+004,2.00E+007,3.00E+004
La-135,2.50E-011,3.00E-011,3.00E+005,2.00E+008,3.00E+005
La-137,1.00E-008,8.10E-011,1.00E+005,5.00E+005,8.00E+002
,,,,,
,,,,,
La-138,1.80E-007,1.10E-009,9.00E+003,3.00E+004,5.00E+001
La-140,1.50E-009,2.00E-009,5.00E+003,3.00E+006,6.00E+003
La-141,2.20E-010,3.60E-010,3.00E+004,2.00E+007,4.00E+004
La-142,1.50E-010,1.80E-010,6.00E+004,3.00E+007,6.00E+004
La-143,3.30E-011,5.60E-011,2.00E+005,2.00E+008,3.00E+005
Ce-134/La-134,1.60E-009,2.50E-009,4.00E+003,3.00E+006,5.00E+003
Ce-135,7.60E-010,7.90E-010,1.00E+004,7.00E+006,1.00E+004
Ce-137,1.90E-011,2.50E-011,4.00E+005,3.00E+008,4.00E+005
Ce-137m,5.90E-010,5.40E-010,2.00E+004,8.00E+006,1.00E+004
Ce-139,1.40E-009,2.60E-010,4.00E+004,4.00E+006,6.00E+003
Ce-141,3.10E-009,7.10E-010,1.00E+004,2.00E+006,3.00E+003
Ce-143,1.00E-009,1.10E-009,9.00E+003,5.00E+006,8.00E+003
Ce-144/Pr-144m,2.90E-008,5.20E-009,2.00E+003,2.00E+005,3.00E+002
Pr-136,2.50E-011,3.30E-011,3.00E+005,2.00E+008,3.00E+005
Pr-137,3.50E-011,4.00E-011,3.00E+005,1.00E+008,2.00E+005
Pr-138m,1.30E-010,1.30E-010,8.00E+004,4.00E+007,6.00E+004
Pr-139,3.00E-011,3.10E-011,3.00E+005,2.00E+008,3.00E+005
Pr-142,7.40E-010,1.30E-009,8.00E+003,7.00E+006,1.00E+004
Pr-142m,9.40E-012,1.70E-011,6.00E+005,5.00E+008,9.00E+005
Pr-143,2.20E-009,1.20E-009,8.00E+003,2.00E+006,4.00E+003
Pr-144,3.00E-011,5.00E-011,2.00E+005,2.00E+008,3.00E+005
Pr-145,2.60E-010,3.90E-010,3.00E+004,2.00E+007,3.00E+004
Pr-147,3.00E-011,3.30E-011,3.00E+005,2.00E+008,3.00E+005
Nd-136,8.90E-011,9.90E-011,1.00E+005,6.00E+007,9.00E+004
Nd-138/Pr-138,3.80E-010,6.40E-010,2.00E+004,1.00E+007,2.00E+004
Nd-139,1.70E-011,2.00E-011,5.00E+005,3.00E+008,5.00E+005
Nd-139m,2.50E-010,2.50E-010,4.00E+004,2.00E+007,3.00E+004
Nd-140,2.00E-009,2.80E-009,4.00E+003,3.00E+006,4.00E+003
,,,,,
,,,,,
Nd-141,8.80E-012,8.30E-012,1.00E+006,6.00E+008,9.00E+005
Nd-147,2.10E-009,1.10E-009,9.00E+003,2.00E+006,4.00E+003
Nd-149,1.30E-010,1.20E-010,8.00E+004,4.00E+007,6.00E+004
Nd-151,2.90E-011,3.00E-011,3.00E+005,2.00E+008,3.00E+005
Pm-141,2.50E-011,3.60E-011,3.00E+005,2.00E+008,3.00E+005
Pm-143,9.60E-010,2.30E-010,4.00E+004,5.00E+006,9.00E+003
Pm-144,5.40E-009,9.70E-010,1.00E+004,9.00E+005,2.00E+003
Pm-145,2.40E-009,1.10E-010,9.00E+004,2.00E+006,3.00E+003
Pm-146,1.30E-008,9.00E-010,1.00E+004,4.00E+005,6.00E+002
Pm-147,3.50E-009,2.60E-010,4.00E+004,1.00E+006,2.00E+003
Pm-148,2.20E-009,2.70E-009,4.00E+003,2.00E+006,4.00E+003
Pm-148m,4.30E-009,1.80E-009,6.00E+003,1.00E+006,2.00E+003
Pm-149,8.20E-010,9.90E-010,1.00E+004,6.00E+006,1.00E+004
Pm-150,2.10E-010,2.60E-010,4.00E+004,2.00E+007,4.00E+004
Pm-151,6.40E-010,7.30E-010,1.00E+004,8.00E+006,1.00E+004
Sm-141,2.70E-011,3.90E-011,3.00E+005,2.00E+008,3.00E+005
Sm-141m,5.60E-011,6.50E-011,2.00E+005,9.00E+007,1.00E+005
Sm-142/Pm-142,1.10E-010,1.90E-010,5.00E+004,5.00E+007,8.00E+004
Sm-145,1.10E-009,2.10E-010,5.00E+004,5.00E+006,8.00E+003
Sm-146,6.70E-006,5.40E-008,2.00E+002,7.00E+002,1.00E+000
Sm-147,6.10E-006,4.90E-008,2.00E+002,8.00E+002,1.00E+000
Sm-151,2.60E-009,9.80E-011,1.00E+005,2.00E+006,3.00E+003
Sm-153,6.80E-010,7.40E-010,1.00E+004,7.00E+006,1.00E+004
Sm-155,2.80E-011,2.90E-011,3.00E+005,2.00E+008,3.00E+005
Sm-156,2.80E-010,2.50E-010,4.00E+004,2.00E+007,3.00E+004
Eu-145,7.30E-010,7.50E-010,1.00E+004,7.00E+006,1.00E+004
Eu-146,1.20E-009,1.30E-009,8.00E+003,4.00E+006,7.00E+003
Eu-147,1.00E-009,4.40E-010,2.00E+004,5.00E+006,8.00E+003
,,,,,
,,,,,
Eu-148,2.30E-009,1.30E-009,8.00E+003,2.00E+006,4.00E+003
Eu-149,2.30E-010,1.00E-010,1.00E+005,2.00E+007,4.00E+004
Eu-150,3.40E-008,1.30E-009,8.00E+003,1.00E+005,2.00E+002
Eu-152,2.70E-008,1.40E-009,7.00E+003,2.00E+005,3.00E+002
Eu-152m,3.20E-010,5.00E-010,2.00E+004,2.00E+007,3.00E+004
Eu-154,3.50E-008,2.00E-009,5.00E+003,1.00E+005,2.00E+002
Eu-155,4.70E-009,3.20E-010,3.00E+004,1.00E+006,2.00E+003
Eu-156,3.00E-009,2.20E-009,5.00E+003,2.00E+006,3.00E+003
Eu-157,4.40E-010,6.00E-010,2.00E+004,1.00E+007,2.00E+004
Eu-158,7.50E-011,9.40E-011,1.00E+005,7.00E+007,1.00E+005
Gd-145,3.50E-011,4.40E-011,2.00E+005,1.00E+008,2.00E+005
Gd-146,5.20E-009,9.60E-010,1.00E+004,1.00E+006,2.00E+003
Gd-147,5.90E-010,6.10E-010,2.00E+004,8.00E+006,1.00E+004
Gd-148,3.00E-005,5.50E-008,2.00E+002,2.00E+002,3.00E-001
Gd-149,7.90E-010,4.50E-010,2.00E+004,6.00E+006,1.00E+004
Gd-151,9.30E-010,2.00E-010,5.00E+004,5.00E+006,9.00E+003
Gd-152,2.20E-005,4.10E-008,2.00E+002,2.00E+002,4.00E-001
Gd-153,2.50E-009,2.70E-010,4.00E+004,2.00E+006,3.00E+003
Gd-159,3.90E-010,4.90E-010,2.00E+004,1.00E+007,2.00E+004
Tb-147,1.20E-010,1.60E-010,6.00E+004,4.00E+007,7.00E+004
Tb-149,3.10E-009,2.50E-010,4.00E+004,2.00E+006,3.00E+003
Tb-150,1.80E-010,2.50E-010,4.00E+004,3.00E+007,5.00E+004
Tb-151,3.30E-010,3.40E-010,3.00E+004,2.00E+007,3.00E+004
Tb-153,2.40E-010,2.50E-010,4.00E+004,2.00E+007,3.00E+004
Tb-154,6.00E-010,6.50E-010,2.00E+004,8.00E+006,1.00E+004
Tb-155,2.50E-010,2.10E-010,5.00E+004,2.00E+007,3.00E+004
Tb-156,1.40E-009,1.20E-009,8.00E+003,4.00E+006,6.00E+003
,,,,,
,,,,,
Tb-156m,2.30E-010,1.70E-010,6.00E+004,2.00E+007,4.00E+004
Tb-157,7.90E-010,3.40E-011,3.00E+005,6.00E+006,1.00E+004
Tb-158,3.00E-008,1.10E-009,9.00E+003,2.00E+005,3.00E+002
Tb-160,5.40E-009,1.60E-009,6.00E+003,9.00E+005,2.00E+003
Tb-161,1.20E-009,7.20E-010,1.00E+004,4.00E+006,7.00E+003
Dy-155,1.20E-010,1.30E-010,8.00E+004,4.00E+007,7.00E+004
Dy-157,5.50E-011,6.10E-011,2.00E+005,9.00E+007,2.00E+005
Dy-159,2.50E-010,1.00E-010,1.00E+005,2.00E+007,3.00E+004
Dy-165,8.70E-011,1.10E-010,9.00E+004,6.00E+007,1.00E+005
Dy-166,1.80E-009,1.60E-009,6.00E+003,3.00E+006,5.00E+003
Ho-155,3.20E-011,3.70E-011,3.00E+005,2.00E+008,3.00E+005
Ho-157,7.60E-012,6.50E-012,2.00E+006,7.00E+008,1.00E+006
Ho-159,1.00E-011,7.90E-012,1.00E+006,5.00E+008,8.00E+005
Ho-161,1.00E-011,1.30E-011,8.00E+005,5.00E+008,8.00E+005
Ho-162,4.50E-012,3.30E-012,3.00E+006,1.00E+009,2.00E+006
Ho-162m,3.30E-011,2.60E-011,4.00E+005,2.00E+008,3.00E+005
Ho-164,1.30E-011,9.50E-012,1.00E+006,4.00E+008,6.00E+005
Ho-164m,1.60E-011,1.60E-011,6.00E+005,3.00E+008,5.00E+005
Ho-166,8.30E-010,1.40E-009,7.00E+003,6.00E+006,1.00E+004
Ho-166m,7.80E-008,2.00E-009,5.00E+003,6.00E+004,1.00E+002
Ho-167,1.00E-010,8.30E-011,1.00E+005,5.00E+007,8.00E+004
Er-161,8.50E-011,8.00E-011,1.00E+005,6.00E+007,1.00E+005
Er-165,1.40E-011,1.90E-011,5.00E+005,4.00E+008,6.00E+005
Er-169,9.20E-010,3.70E-010,3.00E+004,5.00E+006,9.00E+003
Er-171,3.00E-010,3.60E-010,3.00E+004,2.00E+007,3.00E+004
Er-172,1.20E-009,1.00E-009,1.00E+004,4.00E+006,7.00E+003
Tm-162,2.70E-011,2.90E-011,3.00E+005,2.00E+008,3.00E+005
,,,,,
,,,,,
Tm-166,2.80E-010,2.80E-010,4.00E+004,2.00E+007,3.00E+004
Tm-167,1.00E-009,5.60E-010,2.00E+004,5.00E+006,8.00E+003
Tm-170,5.20E-009,1.30E-009,8.00E+003,1.00E+006,2.00E+003
Tm-171,9.10E-010,1.10E-010,9.00E+004,5.00E+006,9.00E+003
Tm-172,1.40E-009,1.70E-009,6.00E+003,4.00E+006,6.00E+003
Tm-173,2.60E-010,3.10E-010,3.00E+004,2.00E+007,3.00E+004
Tm-175,3.10E-011,2.70E-011,4.00E+005,2.00E+008,3.00E+005
Yb-162,2.30E-011,2.30E-011,4.00E+005,2.00E+008,4.00E+005
Yb-166,9.50E-010,9.50E-010,1.00E+004,5.00E+006,9.00E+003
Yb-167,9.50E-012,6.70E-012,1.00E+006,5.00E+008,9.00E+005
Yb-169,2.40E-009,7.10E-010,1.00E+004,2.00E+006,3.00E+003
Yb-175,7.00E-010,4.40E-010,2.00E+004,7.00E+006,1.00E+004
Yb-177,9.40E-011,9.70E-011,1.00E+005,5.00E+007,9.00E+004
Yb-178,1.10E-010,1.20E-010,8.00E+004,5.00E+007,8.00E+004
Lu-169,4.90E-010,4.60E-010,2.00E+004,1.00E+007,2.00E+004
Lu-170,9.50E-010,9.90E-010,1.00E+004,5.00E+006,9.00E+003
Lu-171,9.30E-010,6.70E-010,1.00E+004,5.00E+006,9.00E+003
Lu-172,1.80E-009,1.30E-009,8.00E+003,3.00E+006,5.00E+003
Lu-173,1.50E-009,2.60E-010,4.00E+004,3.00E+006,6.00E+003
Lu-174,2.90E-009,2.70E-010,4.00E+004,2.00E+006,3.00E+003
Lu-174m,2.60E-009,5.30E-010,2.00E+004,2.00E+006,3.00E+003
Lu-176,4.60E-008,1.80E-009,6.00E+003,1.00E+005,2.00E+002
Lu-176m,1.60E-010,1.70E-010,6.00E+004,3.00E+007,5.00E+004
Lu-177,1.10E-009,5.30E-010,2.00E+004,5.00E+006,8.00E+003
Lu-177m,1.20E-008,1.70E-009,6.00E+003,4.00E+005,7.00E+002
Lu-178,4.10E-011,4.70E-011,2.00E+005,1.00E+008,2.00E+005
Lu-178m,5.60E-011,3.80E-011,3.00E+005,9.00E+007,1.00E+005
Lu-179,1.60E-010,2.10E-010,5.00E+004,3.00E+007,5.00E+004
,,,,,
,,,,,
Hf-170,4.30E-010,4.80E-010,2.00E+004,1.00E+007,2.00E+004
Hf-172,3.70E-008,1.00E-009,1.00E+004,1.00E+005,2.00E+002
Hf-173,2.20E-010,2.30E-010,4.00E+004,2.00E+007,4.00E+004
Hf-175,8.80E-010,4.10E-010,2.00E+004,6.00E+006,9.00E+003
Hf-177m,1.50E-010,8.10E-011,1.00E+005,3.00E+007,6.00E+004
Hf-178m,3.10E-007,4.70E-009,2.00E+003,2.00E+004,3.00E+001
Hf-179m,3.20E-009,1.20E-009,8.00E+003,2.00E+006,3.00E+003
Hf-180m,2.00E-010,1.70E-010,6.00E+004,3.00E+007,4.00E+004
Hf-181,4.10E-009,1.10E-009,9.00E+003,1.00E+006,2.00E+003
Hf-182,3.60E-007,3.00E-009,3.00E+003,1.00E+004,2.00E+001
Hf-182m,7.10E-011,4.20E-011,2.00E+005,7.00E+007,1.00E+005
Hf-183,8.30E-011,7.30E-011,1.00E+005,6.00E+007,1.00E+005
Hf-184,4.50E-010,5.20E-010,2.00E+004,1.00E+007,2.00E+004
Ta-172,5.70E-011,5.30E-011,2.00E+005,9.00E+007,1.00E+005
Ta-173,1.60E-010,1.90E-010,5.00E+004,3.00E+007,5.00E+004
Ta-174,6.60E-011,5.70E-011,2.00E+005,8.00E+007,1.00E+005
Ta-175,2.00E-010,2.10E-010,5.00E+004,3.00E+007,4.00E+004
Ta-176,3.30E-010,3.10E-010,3.00E+004,2.00E+007,3.00E+004
Ta-177,1.30E-010,1.10E-010,9.00E+004,4.00E+007,6.00E+004
Ta-178,1.10E-010,7.80E-011,1.00E+005,5.00E+007,8.00E+004
Ta-179,2.90E-010,6.50E-011,2.00E+005,2.00E+007,3.00E+004
Ta-180,1.40E-008,8.40E-010,1.00E+004,4.00E+005,6.00E+002
Ta-180m,6.20E-011,5.40E-011,2.00E+005,8.00E+007,1.00E+005
Ta-182,7.40E-009,1.50E-009,7.00E+003,7.00E+005,1.00E+003
Ta-182m,3.60E-011,1.20E-011,8.00E+005,1.00E+008,2.00E+005
Ta-183,2.00E-009,1.30E-009,8.00E+003,3.00E+006,4.00E+003
,,,,,
,,,,,
Ta-184,6.30E-010,6.80E-010,1.00E+004,8.00E+006,1.00E+004
Ta-185,7.20E-011,6.80E-011,1.00E+005,7.00E+007,1.00E+005
Ta-186,3.10E-011,3.30E-011,3.00E+005,2.00E+008,3.00E+005
W-176,7.60E-011,1.10E-010,9.00E+004,7.00E+007,1.00E+005
W-177,4.60E-011,6.10E-011,2.00E+005,1.00E+008,2.00E+005
W-178/Ta-178,1.20E-010,2.50E-010,4.00E+004,4.00E+007,7.00E+004
W-179,1.80E-012,3.30E-012,3.00E+006,3.00E+009,5.00E+006
W-181,4.30E-011,8.20E-011,1.00E+005,1.00E+008,2.00E+005
W-185,2.20E-010,5.00E-010,2.00E+004,2.00E+007,4.00E+004
W-187,3.30E-010,7.10E-010,1.00E+004,2.00E+007,3.00E+004
W-188,8.40E-010,2.30E-009,4.00E+003,6.00E+006,1.00E+004
Re-177,2.20E-011,2.20E-011,5.00E+005,2.00E+008,4.00E+005
Re-178,2.40E-011,2.50E-011,4.00E+005,2.00E+008,3.00E+005
Re-181,3.70E-010,4.20E-010,2.00E+004,1.00E+007,2.00E+004
Re-182,1.70E-009,1.40E-009,7.00E+003,3.00E+006,5.00E+003
Re-183,1.80E-009,7.60E-010,1.00E+004,3.00E+006,5.00E+003
Re-184,1.80E-009,1.00E-009,1.00E+004,3.00E+006,5.00E+003
Re-184m,4.80E-009,1.50E-009,7.00E+003,1.00E+006,2.00E+003
Re-186,1.20E-009,1.50E-009,7.00E+003,4.00E+006,7.00E+003
Re-186m,7.90E-009,2.20E-009,5.00E+003,6.00E+005,1.00E+003
Re-187,4.60E-012,5.10E-012,2.00E+006,1.00E+009,2.00E+006
Re-188,7.40E-010,1.40E-009,7.00E+003,7.00E+006,1.00E+004
Re-188m,2.00E-011,3.00E-011,3.00E+005,3.00E+008,4.00E+005
Re-189,6.00E-010,7.80E-010,1.00E+004,8.00E+006,1.00E+004
Os-180/Re-180,2.50E-011,1.70E-011,6.00E+005,2.00E+008,3.00E+005
Os-181,1.00E-010,8.90E-011,1.00E+005,5.00E+007,8.00E+004
Os-182,5.20E-010,5.60E-010,2.00E+004,1.00E+007,2.00E+004
,,,,,
,,,,,
Os-185,1.40E-009,5.10E-010,2.00E+004,4.00E+006,6.00E+003
Os-189m,7.90E-012,1.80E-011,6.00E+005,6.00E+008,1.00E+006
Os-191,1.50E-009,5.70E-010,2.00E+004,3.00E+006,6.00E+003
Os-191m,1.40E-010,9.60E-011,1.00E+005,4.00E+007,6.00E+004
Os-193,6.80E-010,8.10E-010,1.00E+004,7.00E+006,1.00E+004
Os-194,4.20E-008,2.40E-009,4.00E+003,1.00E+005,2.00E+002
Ir-182,4.00E-011,4.80E-011,2.00E+005,1.00E+008,2.00E+005
Ir-184,1.90E-010,1.70E-010,6.00E+004,3.00E+007,4.00E+004
Ir-185,2.60E-010,2.60E-010,4.00E+004,2.00E+007,3.00E+004
Ir-186,5.00E-010,4.90E-010,2.00E+004,1.00E+007,2.00E+004
Ir-187,1.20E-010,1.20E-010,8.00E+004,4.00E+007,7.00E+004
Ir-188,6.20E-010,6.30E-010,2.00E+004,8.00E+006,1.00E+004
Ir-189,4.60E-010,2.40E-010,4.00E+004,1.00E+007,2.00E+004
Ir-190,2.50E-009,1.20E-009,8.00E+003,2.00E+006,3.00E+003
Ir-190m,1.40E-010,1.20E-010,8.00E+004,4.00E+007,6.00E+004
Ir-192,4.90E-009,1.40E-009,7.00E+003,1.00E+006,2.00E+003
Ir-192m,1.90E-008,3.10E-010,3.00E+004,3.00E+005,4.00E+002
Ir-193m,1.00E-009,2.70E-010,4.00E+004,5.00E+006,8.00E+003
Ir-194,7.50E-010,1.30E-009,8.00E+003,7.00E+006,1.00E+004
Ir-194m,8.20E-009,2.10E-009,5.00E+003,6.00E+005,1.00E+003
Ir-195,1.00E-010,1.00E-010,1.00E+005,5.00E+007,8.00E+004
Ir-195m,2.40E-010,2.10E-010,5.00E+004,2.00E+007,3.00E+004
Pt-186,6.60E-011,9.30E-011,1.00E+005,8.00E+007,1.00E+005
Pt-188,6.30E-010,7.60E-010,1.00E+004,8.00E+006,1.00E+004
Pt-189,7.30E-011,1.20E-010,8.00E+004,7.00E+007,1.00E+005
,,,,,
,,,,,
Pt-190,2.30E-007,8.20E-009,1.00E+003,2.00E+004,4.00E+001
Pt-191,1.90E-010,3.40E-010,3.00E+004,3.00E+007,4.00E+004
Pt-193,2.70E-011,3.10E-011,3.00E+005,2.00E+008,3.00E+005
Pt-193m,2.10E-010,4.50E-010,2.00E+004,2.00E+007,4.00E+004
Pt-195m,3.10E-010,6.30E-010,2.00E+004,2.00E+007,3.00E+004
Pt-197,1.60E-010,4.00E-010,3.00E+004,3.00E+007,5.00E+004
Pt-197m,4.30E-011,8.40E-011,1.00E+005,1.00E+008,2.00E+005
Pt-199,2.20E-011,3.90E-011,3.00E+005,2.00E+008,4.00E+005
Pt-200,4.00E-010,1.20E-009,8.00E+003,1.00E+007,2.00E+004
Au-193,1.60E-010,1.30E-010,8.00E+004,3.00E+007,5.00E+004
Au-194,3.80E-010,4.20E-010,2.00E+004,1.00E+007,2.00E+004
Au-195,1.20E-009,2.50E-010,4.00E+004,4.00E+006,7.00E+003
Au-196,3.70E-010,4.40E-010,2.00E+004,1.00E+007,2.00E+004
Au-198,1.10E-009,1.00E-009,1.00E+004,5.00E+006,8.00E+003
Au-198m,2.00E-009,1.30E-009,8.00E+003,3.00E+006,4.00E+003
Au-199,7.60E-010,4.40E-010,2.00E+004,7.00E+006,1.00E+004
Au-200,5.60E-011,6.80E-011,1.00E+005,9.00E+007,1.00E+005
Au-200m,1.00E-009,1.10E-009,9.00E+003,5.00E+006,8.00E+003
Au-201,2.90E-011,2.40E-011,4.00E+005,2.00E+008,3.00E+005
Hg-193,1.00E-010,8.20E-011,1.00E+005,5.00E+007,8.00E+004
Hg-193m,3.80E-010,4.00E-010,3.00E+004,1.00E+007,2.00E+004
Hg-194,1.90E-008,5.10E-008,2.00E+002,3.00E+005,4.00E+002
Hg-195,9.20E-011,9.70E-011,1.00E+005,5.00E+007,9.00E+004
Hg-195m,6.50E-010,5.60E-010,2.00E+004,8.00E+006,1.00E+004
Hg-197,2.80E-010,2.30E-010,4.00E+004,2.00E+007,3.00E+004
Hg-197m,6.60E-010,4.70E-010,2.00E+004,8.00E+006,1.00E+004
Hg-199m,5.20E-011,3.10E-011,3.00E+005,1.00E+008,2.00E+005
Hg-203,1.90E-009,1.90E-009,5.00E+003,3.00E+006,4.00E+003
,,,,,
,,,,,
Tl-194,8.90E-012,8.10E-012,1.00E+006,6.00E+008,9.00E+005
Tl-194m,3.60E-011,4.00E-011,3.00E+005,1.00E+008,2.00E+005
Tl-195,3.00E-011,2.70E-011,4.00E+005,2.00E+008,3.00E+005
Tl-197,2.70E-011,2.30E-011,4.00E+005,2.00E+008,3.00E+005
Tl-198,1.20E-010,7.30E-011,1.00E+005,4.00E+007,7.00E+004
Tl-198m,7.30E-011,5.40E-011,2.00E+005,7.00E+007,1.00E+005
Tl-199,3.70E-011,2.60E-011,4.00E+005,1.00E+008,2.00E+005
Tl-200,2.50E-010,2.00E-010,5.00E+004,2.00E+007,3.00E+004
Tl-201,7.60E-011,9.50E-011,1.00E+005,7.00E+007,1.00E+005
Tl-202,3.10E-010,4.50E-010,2.00E+004,2.00E+007,3.00E+004
Tl-204,6.20E-010,1.30E-009,8.00E+003,8.00E+006,1.00E+004
Pb-195m,3.00E-011,2.90E-011,3.00E+005,2.00E+008,3.00E+005
Pb-198,8.70E-011,1.00E-010,1.00E+005,6.00E+007,1.00E+005
Pb-199,4.80E-011,5.40E-011,2.00E+005,1.00E+008,2.00E+005
Pb-200,2.60E-010,4.00E-010,3.00E+004,2.00E+007,3.00E+004
Pb-201,1.20E-010,1.60E-010,6.00E+004,4.00E+007,7.00E+004
Pb-202,1.40E-008,8.70E-009,1.00E+003,4.00E+005,6.00E+002
Pb-202m,1.20E-010,1.30E-010,8.00E+004,4.00E+007,7.00E+004
Pb-203,1.60E-010,2.40E-010,4.00E+004,3.00E+007,5.00E+004
Pb-205,4.10E-010,2.80E-010,4.00E+004,1.00E+007,2.00E+004
Pb-209,3.20E-011,5.70E-011,2.00E+005,2.00E+008,3.00E+005
Pb-210,1.10E-006,6.80E-007,1.00E+001,5.00E+003,8.00E+000
Pb-211,5.60E-009,1.80E-010,6.00E+004,9.00E+005,1.00E+003
Pb-212,3.30E-008,5.90E-009,2.00E+003,2.00E+005,3.00E+002
Pb-214,4.80E-009,1.40E-010,7.00E+004,1.00E+006,2.00E+003
Bi-200,5.60E-011,5.10E-011,2.00E+005,9.00E+007,1.00E+005
Bi-201,1.10E-010,1.20E-010,8.00E+004,5.00E+007,8.00E+004
,,,,,
,,,,,
Bi-202,1.00E-010,8.90E-011,1.00E+005,5.00E+007,8.00E+004
Bi-203,4.50E-010,4.80E-010,2.00E+004,1.00E+007,2.00E+004
Bi-205,1.00E-009,9.00E-010,1.00E+004,5.00E+006,8.00E+003
Bi-206,2.10E-009,1.90E-009,5.00E+003,2.00E+006,4.00E+003
Bi-207,3.20E-009,1.30E-009,8.00E+003,2.00E+006,3.00E+003
Bi-208,4.00E-009,1.40E-009,7.00E+003,1.00E+006,2.00E+003
Bi-210,6.00E-008,1.30E-009,8.00E+003,8.00E+004,1.00E+002
Bi-210m,2.10E-006,1.50E-008,7.00E+002,2.00E+003,4.00E+000
"Bi-212/Po-212,Tl-208",3.90E-008,2.60E-010,4.00E+004,1.00E+005,2.00E+002
"Bi-213/Po-213,Tl-209",4.10E-008,2.00E-010,5.00E+004,1.00E+005,2.00E+002
Bi-214,2.10E-008,1.10E-010,9.00E+004,2.00E+005,4.00E+002
Po-203,6.10E-011,5.20E-011,2.00E+005,8.00E+007,1.00E+005
Po-205,8.90E-011,5.90E-011,2.00E+005,6.00E+007,9.00E+004
Po-206,3.70E-007,1.30E-007,8.00E+001,1.00E+004,2.00E+001
Po-207,1.50E-010,1.40E-010,7.00E+004,3.00E+007,6.00E+004
Po-208,2.40E-006,7.70E-007,1.00E+001,2.00E+003,3.00E+000
Po-209,2.40E-006,7.70E-007,1.00E+001,2.00E+003,3.00E+000
Po-210,2.20E-006,2.40E-007,4.00E+001,2.00E+003,4.00E+000
At-207,1.90E-009,2.30E-010,4.00E+004,3.00E+006,4.00E+003
At-211,1.10E-007,1.10E-008,9.00E+002,5.00E+004,5.00E+001
Rn-220,0.00E+000,0.00E+000,0.00E+000,0.00E+000,1.00E+003
Rn-222,0.00E+000,0.00E+000,0.00E+000,0.00E+000,3.00E+003
Fr-222,2.10E-008,7.10E-010,1.00E+004,2.00E+005,4.00E+002
Fr-223,1.30E-009,2.30E-009,4.00E+003,4.00E+006,6.00E+003
,,,,,
,,,,,
Ra-223,5.70E-006,1.00E-007,1.00E+002,9.00E+002,1.00E+000
Ra-224,2.40E-006,6.50E-008,2.00E+002,2.00E+003,3.00E+000
Ra-225,4.80E-006,9.50E-008,1.00E+002,1.00E+003,2.00E+000
Ra-226,2.20E-006,2.80E-007,4.00E+001,2.00E+003,4.00E+000
Ra-227,2.10E-010,8.40E-011,1.00E+005,2.00E+007,4.00E+004
Ra-228,1.70E-006,6.70E-007,1.00E+001,3.00E+003,5.00E+000
Ac-224,9.90E-008,7.00E-010,1.00E+004,5.00E+004,8.00E+001
Ac-225,6.50E-006,2.40E-008,4.00E+002,8.00E+002,1.00E+000
Ac-226,1.00E-006,1.00E-008,1.00E+003,5.00E+003,8.00E+000
Ac-227,6.30E-004,1.10E-006,9.00E+000,9.00E+000,1.00E-002
Ac-228,2.90E-008,4.30E-010,2.00E+004,2.00E+005,3.00E+002
Th-226,7.80E-008,3.60E-010,3.00E+004,6.00E+004,1.00E+002
Th-227,7.60E-006,8.90E-009,1.00E+003,1.00E+003,1.00E+000
Th-228,3.20E-005,7.00E-008,1.00E+002,2.00E+002,3.00E-001
Th-229,6.90E-005,4.80E-007,2.00E+001,7.00E+001,1.00E-001
Th-230,2.80E-005,2.10E-007,5.00E+001,2.00E+002,3.00E-001
Th-231,4.00E-010,3.40E-010,3.00E+004,1.00E+007,2.00E+004
Th-232,2.90E-005,2.20E-007,5.00E+001,2.00E+002,3.00E-001
Th-234/Pa-234m,5.80E-009,3.40E-009,3.00E+003,9.00E+005,1.00E+003
Pa-227,9.70E-008,4.50E-010,2.00E+004,5.00E+004,9.00E+001
Pa-228,5.10E-008,7.80E-010,1.00E+004,1.00E+005,2.00E+002
,,,,,
,,,,,
Pa-230,5.70E-007,9.20E-010,1.00E+004,1.00E+004,1.00E+001
Pa-231,8.90E-005,7.10E-007,1.00E+001,6.00E+001,9.00E-002
Pa-232,6.80E-009,7.20E-010,1.00E+004,7.00E+005,1.00E+003
Pa-233,3.20E-009,8.70E-010,1.00E+004,2.00E+006,3.00E+003
Pa-234,5.80E-010,5.10E-010,2.00E+004,9.00E+006,1.00E+004
U-230,1.20E-005,5.50E-008,2.00E+002,4.00E+002,7.00E-001
U-231,4.00E-010,2.80E-010,4.00E+004,1.00E+007,2.00E+004
U-232,2.60E-005,3.30E-007,3.00E+001,2.00E+002,3.00E-001
U-233,6.90E-006,5.00E-008,2.00E+002,7.00E+002,1.00E+000
U-234,6.80E-006,4.90E-008,2.00E+002,7.00E+002,1.00E+000
U-235,6.10E-006,4.60E-008,2.00E+002,8.00E+002,1.00E+000
U-236,6.30E-006,4.60E-008,2.00E+002,8.00E+002,1.00E+000
U-237,1.70E-009,7.70E-010,1.00E+004,3.00E+006,5.00E+003
U-238,5.70E-006,4.40E-008,2.00E+002,9.00E+002,1.00E+000
U-239,3.50E-011,2.80E-011,4.00E+005,1.00E+008,2.00E+005
U-240,8.40E-010,1.10E-009,9.00E+003,6.00E+006,1.00E+004
Np-232,3.50E-011,9.70E-012,1.00E+006,1.00E+008,2.00E+005
Np-233,3.00E-012,2.20E-012,5.00E+006,2.00E+009,3.00E+006
Np-234,7.30E-010,8.10E-010,1.00E+004,7.00E+006,1.00E+004
Np-235,2.70E-010,5.30E-011,2.00E+005,2.00E+007,3.00E+004
Np-236,2.00E-006,1.70E-008,6.00E+002,3.00E+003,4.00E+000
Np-237,1.50E-005,1.10E-007,9.00E+001,3.00E+002,6.00E-001
Np-238,1.70E-009,9.10E-010,1.00E+004,3.00E+006,5.00E+003
Np-239,1.10E-009,8.00E-010,1.00E+004,5.00E+006,8.00E+003
Np-240,1.30E-010,8.20E-011,1.00E+005,4.00E+007,6.00E+004
,,,,,
,,,,,
Pu-234,1.80E-008,1.60E-010,6.00E+004,3.00E+005,5.00E+002
Pu-235,2.60E-012,2.10E-012,5.00E+006,2.00E+009,3.00E+006
Pu-236,1.30E-005,8.60E-008,1.00E+002,4.00E+002,6.00E-001
Pu-237,3.00E-010,1.00E-010,1.00E+005,2.00E+007,3.00E+004
Pu-238,3.00E-005,2.30E-007,4.00E+001,2.00E+002,3.00E-001
Pu-239,3.20E-005,2.50E-007,4.00E+001,2.00E+002,3.00E-001
Pu-240,3.20E-005,2.50E-007,4.00E+001,2.00E+002,3.00E-001
Pu-241,5.80E-007,4.70E-009,2.00E+003,9.00E+003,1.00E+001
Pu-242,3.10E-005,2.40E-007,4.00E+001,2.00E+002,3.00E-001
Pu-243,1.10E-010,8.50E-011,1.00E+005,5.00E+007,8.00E+004
Pu-244,3.00E-005,2.40E-007,4.00E+001,2.00E+002,3.00E-001
Pu-245,6.50E-010,7.20E-010,1.00E+004,8.00E+006,1.00E+004
Pu-246,7.00E-009,3.30E-009,3.00E+003,7.00E+005,1.00E+003
Am-237,3.60E-011,1.80E-011,6.00E+005,1.00E+008,2.00E+005
Am-238,6.60E-011,3.20E-011,3.00E+005,8.00E+007,1.00E+005
Am-239,2.90E-010,2.40E-010,4.00E+004,2.00E+007,3.00E+004
Am-240,5.90E-010,5.80E-010,2.00E+004,8.00E+006,1.00E+004
Am-241,2.70E-005,2.00E-007,5.00E+001,2.00E+002,3.00E-001
Am-242,1.20E-008,3.00E-010,3.00E+004,4.00E+005,7.00E+002
Am-242m,2.40E-005,1.90E-007,5.00E+001,2.00E+002,3.00E-001
Am-243,2.70E-005,2.00E-007,5.00E+001,2.00E+002,3.00E-001
Am-244,1.50E-009,4.60E-010,2.00E+004,3.00E+006,6.00E+003
Am-244m,6.20E-011,2.90E-011,3.00E+005,8.00E+007,1.00E+005
Am-245,7.60E-011,6.20E-011,2.00E+005,7.00E+007,1.00E+005
Am-246,1.10E-010,5.80E-011,2.00E+005,5.00E+007,8.00E+004
Am-246m,3.80E-011,3.40E-011,3.00E+005,1.00E+008,2.00E+005
Cm-238,4.80E-009,8.00E-011,1.00E+005,1.00E+006,2.00E+003
,,,,,
,,,,,
Cm-240,2.30E-006,7.60E-009,1.00E+003,2.00E+003,4.00E+000
Cm-241,2.60E-008,9.10E-010,1.00E+004,2.00E+005,3.00E+002
Cm-242,3.70E-006,1.20E-008,8.00E+002,1.00E+003,2.00E+000
Cm-243,2.00E-005,1.50E-007,7.00E+001,3.00E+002,4.00E-001
Cm-244,1.70E-005,1.20E-007,8.00E+001,3.00E+002,5.00E-001
Cm-245,2.70E-005,2.10E-007,5.00E+001,2.00E+002,3.00E-001
Cm-246,2.70E-005,2.10E-007,5.00E+001,2.00E+002,3.00E-001
Cm-247,2.50E-005,1.90E-007,5.00E+001,2.00E+002,3.00E-001
Cm-248,9.50E-005,7.70E-007,1.00E+001,5.00E+001,9.00E-002
Cm-249,5.10E-011,3.10E-011,3.00E+005,1.00E+008,2.00E+005
Cm-250,5.40E-004,4.40E-006,2.00E+000,9.00E+000,2.00E-002
Bk-245,1.80E-009,5.70E-010,2.00E+004,3.00E+006,5.00E+003
Bk-246,4.60E-010,4.80E-010,2.00E+004,1.00E+007,2.00E+004
Bk-247,4.50E-005,3.50E-007,3.00E+001,1.00E+002,2.00E-001
Bk-249,1.00E-007,9.70E-010,1.00E+004,5.00E+004,8.00E+001
Bk-250,7.10E-010,1.40E-010,7.00E+004,7.00E+006,1.00E+004
Cf-244,1.80E-008,7.00E-011,1.00E+005,3.00E+005,5.00E+002
Cf-246,3.50E-007,3.30E-009,3.00E+003,1.00E+004,2.00E+001
Cf-248,6.10E-006,2.80E-008,4.00E+002,8.00E+002,1.00E+000
Cf-249,4.50E-005,3.50E-007,3.00E+001,1.00E+002,2.00E-001
Cf-250,2.20E-005,1.60E-007,6.00E+001,2.00E+002,4.00E-001
Cf-251,4.60E-005,3.60E-007,3.00E+001,1.00E+002,2.00E-001
Cf-252,1.30E-005,9.00E-008,1.00E+002,4.00E+002,6.00E-001
Cf-253,1.00E-006,1.40E-009,7.00E+003,7.00E+003,8.00E+000
Cf-254,2.20E-005,4.00E-007,3.00E+001,2.00E+002,4.00E-001
Es-250,4.20E-010,2.10E-011,5.00E+005,1.00E+007,2.00E+004
Es-251,1.70E-009,1.70E-010,6.00E+004,3.00E+006,5.00E+003
Es-253,2.10E-006,6.10E-009,2.00E+003,2.00E+003,4.00E+000
,,,,,
,,,,,
Es-254,6.00E-006,2.80E-008,4.00E+002,8.00E+002,1.00E+000
Es-254m,3.70E-007,4.20E-009,2.00E+003,1.00E+004,2.00E+001
Fm-252,2.60E-007,2.70E-009,4.00E+003,2.00E+004,3.00E+001
Fm-253,3.00E-007,9.10E-010,1.00E+004,2.00E+004,3.00E+001
Fm-254,7.70E-008,4.40E-010,2.00E+004,6.00E+004,1.00E+002
Fm-255,2.60E-007,2.50E-009,4.00E+003,2.00E+004,3.00E+001
Fm-257,5.20E-006,1.50E-008,7.00E+002,1.00E+003,2.00E+000
Md-257,2.00E-008,1.20E-010,8.00E+004,3.00E+005,4.00E+002
Md-258,4.40E-006,1.30E-008,8.00E+002,1.00E+003,2.00E+000
